{"z0": [[2.5462565422058105, -1.1906181573867798, -0.7236574292182922, 0.45430150628089905, -0.04770249128341675, 0.7834598422050476, 0.07349898666143417, 0.048386722803115845, -0.8239824771881104, 0.025978386402130127]], "A": [[0.631500244140625, 0.258221298456192, 0.015637967735528946, 0.18097881972789764, -0.1147107407450676, -0.0962178185582161, -0.19284513592720032, 0.01690295711159706, -0.31596121191978455, -0.3561738431453705], [0.17574918270111084, -0.32772451639175415, 0.19680233299732208, 0.2934674918651581, 0.04883415624499321, -0.040347617119550705, 0.5339140295982361, -0.5115368962287903, -0.5599588751792908, 0.08774322271347046], [-0.267540842294693, -0.07159355282783508, -0.48002889752388, 0.17374147474765778, -0.06963978707790375, -0.05898086726665497, 0.8108062148094177, -0.20051880180835724, 0.029020465910434723, -0.2489047646522522], [0.47667455673217773, -0.09036383032798767, -0.28066882491111755, 0.5799075961112976, -0.5587191581726074, -0.0027204325888305902, 0.09833209216594696, 0.13034771382808685, 0.25770023465156555, 0.27826669812202454], [-0.15287816524505615, -0.1544991284608841, -0.5629594326019287, -0.41033321619033813, -0.32412296533584595, -0.29003313183784485, -0.03844299539923668, 0.10123158991336823, -0.6557538509368896, -0.2036818265914917], [0.08808889240026474, 0.06524623185396194, 0.3786890208721161, -0.06857319921255112, -0.056491315364837646, -0.6858388781547546, 0.21732665598392487, 0.0175637099891901, 0.047174133360385895, 0.05666811764240265], [-0.087792307138443, 0.1713242530822754, -0.09505768120288849, -0.03776895999908447, 0.0954861268401146, -0.04418151080608368, 0.022381888702511787, 0.3569198250770569, 0.006891570053994656, -0.010136876255273819], [0.16228972375392914, -0.038347624242305756, 0.3420238196849823, -0.050531551241874695, -0.06809927523136139, 0.08235601335763931, 0.539042592048645, 0.688946545124054, -0.06947650760412216, 0.09653539210557938], [-0.32861581444740295, -0.38090622425079346, 0.10048315674066544, 0.36661797761917114, -0.09451627731323242, -0.2442377507686615, -0.038323428481817245, 0.22604608535766602, 0.06893526762723923, -0.38411325216293335], [-0.1311192661523819, 0.3329907953739166, -0.14860501885414124, 0.382609099149704, -0.17939458787441254, -0.13725940883159637, -0.20511296391487122, 0.08461809158325195, -0.42424511909484863, 0.4905616044998169]], "B_u": [[0.15884287655353546], [-0.298128604888916], [-0.11217376589775085], [-0.5056588053703308], [-0.017705107107758522], [-0.022803502157330513], [0.15085597336292267], [-0.10669010877609253], [-0.17371061444282532], [-0.7376776337623596]], "B_d": [[0.4035877287387848, -0.1848682314157486], [-0.543634831905365, 0.31155699491500854], [0.43018776178359985, -0.09532652050256729], [-0.4710928201675415, -0.3060026168823242], [0.66521817445755, -0.8539639115333557], [-0.14650732278823853, -0.010697674937546253], [0.259858638048172, -0.04598566144704819], [-0.33488979935646057, 0.062003977596759796], [0.26774194836616516, -0.14273886382579803], [-0.3959848880767822, -0.33173489570617676]], "C": [[0.24993561208248138, 0.0392092689871788, -0.1405613273382187, 0.0894942507147789, 0.013013765215873718, -0.013180949725210667, 0.012366248294711113, 0.06314843147993088, -0.013301221653819084, -0.12910494208335876]]}