{"z0": [[-3.7491025924682617, 0.34775370359420776, -0.9884907007217407, 0.14293275773525238, -1.24125337600708, 1.9872817993164062]], "A": [[0.6700515747070312, 0.13649523258209229, 0.19789732992649078, -0.022097717970609665, 0.12132646143436432, -0.3781539499759674], [-0.007191093172878027, 0.14201796054840088, -0.09933643788099289, -0.14927378296852112, 0.543835461139679, -0.08138411492109299], [0.2691594064235687, 0.40170344710350037, -0.36357593536376953, -0.27459782361984253, 0.3050193786621094, -0.5666030049324036], [0.30503061413764954, -0.1371813714504242, -0.37344735860824585, -0.33580178022384644, -0.5069267749786377, -0.6265872716903687], [0.14929313957691193, 0.014428472146391869, 0.4717671275138855, -0.3035504221916199, 0.22669431567192078, 0.27062565088272095], [-0.43534767627716064, 0.44586998224258423, 0.17194238305091858, -0.5721448659896851, 0.2190641313791275, 0.03304705396294594]], "B_u": [[0.07051555067300797], [0.19229662418365479], [0.6471613645553589], [0.2757207155227661], [-0.3808465898036957], [0.3332854211330414]], "B_d": [[-0.16539961099624634, 0.49694931507110596], [0.5575547814369202, 0.0044785188511013985], [-0.6005027890205383, -1.031808853149414], [0.015277297236025333, -0.8586231470108032], [-0.010744322091341019, -0.07766637951135635], [-0.007259466219693422, 0.7152810096740723]], "C": [[-0.09734053909778595, 0.010350348427891731, -0.1242627203464508, 0.053556088358163834, -0.13494941592216492, 0.054812103509902954]]}